{
  "注册页面-弱压力测试" : {
    "transaction" : "注册页面-弱压力测试",
    "sampleCount" : 100,
    "errorCount" : 0,
    "errorPct" : 0.0,
    "meanResTime" : 2403.4900000000007,
    "medianResTime" : 2450.5,
    "minResTime" : 271.0,
    "maxResTime" : 2618.0,
    "pct1ResTime" : 2511.6,
    "pct2ResTime" : 2528.95,
    "pct3ResTime" : 2617.49,
    "throughput" : 0.5534646889528448,
    "receivedKBytesPerSec" : 9.889938357870268,
    "sentKBytesPerSec" : 0.06972357897941112
  },
  "Total" : {
    "transaction" : "Total",
    "sampleCount" : 501,
    "errorCount" : 1,
    "errorPct" : 0.1996008,
    "meanResTime" : 1043.389221556886,
    "medianResTime" : 292.0,
    "minResTime" : 164.0,
    "maxResTime" : 3384.0,
    "pct1ResTime" : 3170.2000000000003,
    "pct2ResTime" : 3288.8,
    "pct3ResTime" : 3347.0,
    "throughput" : 1.5464538054801877,
    "receivedKBytesPerSec" : 182.1640856746212,
    "sentKBytesPerSec" : 0.17305907604015225
  },
  "首页-高并发测试" : {
    "transaction" : "首页-高并发测试",
    "sampleCount" : 1,
    "errorCount" : 0,
    "errorPct" : 0.0,
    "meanResTime" : 3022.0,
    "medianResTime" : 3022.0,
    "minResTime" : 3022.0,
    "maxResTime" : 3022.0,
    "pct1ResTime" : 3022.0,
    "pct2ResTime" : 3022.0,
    "pct3ResTime" : 3022.0,
    "throughput" : 0.3309066843150232,
    "receivedKBytesPerSec" : 47.39010278788882,
    "sentKBytesPerSec" : 0.03586976753805427
  },
  "首页-高频率测试" : {
    "transaction" : "首页-高频率测试",
    "sampleCount" : 400,
    "errorCount" : 1,
    "errorPct" : 0.25,
    "meanResTime" : 698.4174999999991,
    "medianResTime" : 286.0,
    "minResTime" : 164.0,
    "maxResTime" : 3384.0,
    "pct1ResTime" : 3216.3,
    "pct2ResTime" : 3301.85,
    "pct3ResTime" : 3347.99,
    "throughput" : 2.8521312550803586,
    "receivedKBytesPerSec" : 407.03496278414354,
    "sentKBytesPerSec" : 0.30916657159562483
  }
}